type,id_nom,adresse,ville,code_postal,volume_max,consommation_l100km
agence,Agence Vitrolles,Avenue de Rome,Vitrolles,13127,,
camion,Camion 01,Avenue de Rome,Vitrolles,13127,100,14
camion,Camion 02,Avenue de Rome,Vitrolles,13127,150,18
camion,Camion 03,Avenue de Rome,Vitrolles,13127,80,12
camion,Camion 04,Avenue de Rome,Vitrolles,13127,120,16
camion,Camion 05,Avenue de Rome,Vitrolles,13127,100,15
camion,Camion 06,Avenue de Rome,Vitrolles,13127,200,22
camion,Camion 07,Avenue de Rome,Vitrolles,13127,150,17
camion,Camion 08,Avenue de Rome,Vitrolles,13127,100,14
camion,Camion 09,Avenue de Rome,Vitrolles,13127,80,12
camion,Camion 10,Avenue de Rome,Vitrolles,13127,120,15
camion,Camion 11,Avenue de Rome,Vitrolles,13127,100,14
camion,Camion 12,Avenue de Rome,Vitrolles,13127,150,18
camion,Camion 13,Avenue de Rome,Vitrolles,13127,80,12
camion,Camion 14,Avenue de Rome,Vitrolles,13127,120,16
camion,Camion 15,Avenue de Rome,Vitrolles,13127,100,15
camion,Camion 16,Avenue de Rome,Vitrolles,13127,200,22
camion,Camion 17,Avenue de Rome,Vitrolles,13127,150,17
camion,Camion 18,Avenue de Rome,Vitrolles,13127,100,14
camion,Camion 19,Avenue de Rome,Vitrolles,13127,80,12
camion,Camion 20,Avenue de Rome,Vitrolles,13127,120,15
camion,Camion 21,Avenue de Rome,Vitrolles,13127,100,14
camion,Camion 22,Avenue de Rome,Vitrolles,13127,150,18
camion,Camion 23,Avenue de Rome,Vitrolles,13127,80,12
camion,Camion 24,Avenue de Rome,Vitrolles,13127,120,16
camion,Camion 25,Avenue de Rome,Vitrolles,13127,100,15
camion,Camion 26,Avenue de Rome,Vitrolles,13127,200,22
camion,Camion 27,Avenue de Rome,Vitrolles,13127,150,17
camion,Camion 28,Avenue de Rome,Vitrolles,13127,100,14
camion,Camion 29,Avenue de Rome,Vitrolles,13127,80,12
camion,Camion 30,Avenue de Rome,Vitrolles,13127,120,15
